dilution,filename
0,water_heat_20220310_141048.csv
0.0078125,fluo_dye_1_128_heat_20220310_142530.csv
0.015625,fluo_dye_1_64_heat_20220310_143754.csv
0.03125,fluo_dye_1_32_heat_20220310_145319.csv
0.0625,fluo_dye_1_16_heat_20220310_150543.csv
0.125,fluo_dye_1_8_heat_20220310_152353.csv
0.25,fluo_dye_1_4_heat_20220310_154155.csv
0.5,fluo_dye_1_2_heat_20220310_155953.csv
1,fluo_dye_1_1_heat_20220310_161746.csv
